order_id,customer_id,order_date,order_status,total_amount
1,250,2024-01-16,Completed,882.96
2,15,2023-12-11,Completed,1344.37
3,409,2024-04-06,Completed,346.79
4,240,2023-10-24,Returned,0.0
5,319,2024-03-20,Completed,1815.72
6,304,2024-10-28,Completed,73.66
7,330,2024-07-18,Completed,1736.37
8,94,2025-04-13,Completed,770.63
9,109,2025-04-02,Completed,688.25
10,451,2024-01-01,Completed,1508.98
11,426,2024-01-09,Completed,1673.12
12,241,2025-04-13,Completed,1088.05
13,488,2024-01-03,Completed,1307.29
14,400,2025-08-12,Cancelled,0.0
15,21,2025-02-04,Pending,0.0
16,487,2025-03-06,Completed,1681.67
17,319,2024-09-09,Completed,269.92
18,343,2024-10-25,Completed,1896.56
19,239,2024-03-03,Completed,1538.46
20,86,2024-08-12,Completed,1928.19
21,368,2024-12-13,Completed,1642.22
22,494,2024-09-17,Completed,1165.8
23,476,2024-04-04,Completed,1361.15
24,491,2024-12-20,Completed,1884.11
25,102,2024-03-28,Completed,1387.42
26,322,2025-01-16,Completed,1400.44
27,155,2024-05-11,Returned,0.0
28,308,2024-03-16,Pending,0.0
29,408,2024-12-18,Cancelled,0.0
30,401,2024-02-20,Completed,1074.84
31,339,2025-03-09,Completed,1021.8
32,175,2024-09-06,Completed,851.72
33,251,2024-04-24,Completed,1922.36
34,326,2024-04-26,Returned,0.0
35,236,2025-09-01,Pending,0.0
36,223,2024-04-25,Completed,1053.06
37,334,2024-12-10,Completed,1620.23
38,276,2024-01-21,Pending,0.0
39,239,2025-04-08,Completed,1467.43
40,138,2024-07-12,Completed,506.08
41,479,2023-12-24,Completed,1765.63
42,125,2025-05-17,Pending,0.0
43,292,2025-05-03,Completed,770.4
44,15,2023-10-05,Completed,663.53
45,250,2024-04-09,Completed,1599.71
46,175,2025-05-22,Completed,1200.39
47,451,2025-05-14,Completed,40.1
48,486,2024-06-08,Completed,497.88
49,209,2024-02-25,Completed,1521.17
50,354,2024-06-28,Completed,1429.45
51,230,2024-02-12,Pending,0.0
52,48,2023-11-06,Completed,820.71
53,125,2024-02-12,Completed,1171.48
54,243,2025-04-17,Completed,700.64
55,382,2025-09-12,Completed,716.58
56,233,2025-07-30,Completed,517.78
57,62,2024-03-29,Pending,0.0
58,162,2024-04-25,Completed,1081.01
59,391,2023-12-20,Completed,399.25
60,379,2025-08-02,Completed,1454.68
61,390,2025-05-31,Completed,580.34
62,52,2025-03-07,Pending,0.0
63,152,2025-03-23,Completed,375.29
64,8,2024-03-14,Pending,0.0
65,65,2024-08-26,Completed,1949.1
66,284,2024-03-21,Completed,1889.3
67,327,2023-12-05,Returned,0.0
68,252,2023-10-03,Completed,44.29
69,146,2023-11-04,Completed,892.13
70,95,2025-06-28,Cancelled,0.0
71,130,2024-12-29,Returned,0.0
72,245,2023-12-20,Completed,149.38
73,252,2024-01-13,Completed,1266.3
74,28,2023-10-21,Completed,1626.06
75,486,2025-04-23,Completed,1987.96
76,61,2023-12-24,Completed,844.02
77,306,2024-07-09,Pending,0.0
78,116,2025-06-27,Pending,0.0
79,195,2024-10-18,Completed,896.59
80,441,2025-06-28,Completed,869.08
81,292,2023-10-08,Completed,1227.07
82,379,2024-04-28,Completed,1530.22
83,321,2025-03-31,Completed,1327.65
84,81,2024-09-18,Completed,1112.94
85,81,2025-08-26,Completed,912.0
86,305,2024-11-06,Completed,84.63
87,148,2024-03-19,Pending,0.0
88,360,2024-05-03,Returned,0.0
89,37,2024-02-19,Completed,1849.34
90,404,2024-12-09,Pending,0.0
91,302,2024-11-07,Completed,1868.66
92,218,2024-08-15,Completed,465.12
93,77,2024-05-11,Returned,0.0
94,424,2024-10-12,Completed,138.08
95,406,2025-04-09,Completed,1502.94
96,292,2025-03-11,Returned,0.0
97,225,2024-03-09,Completed,1383.58
98,359,2024-07-23,Completed,559.05
99,277,2025-04-14,Completed,179.27
100,21,2025-06-03,Returned,0.0
101,377,2025-09-08,Completed,515.73
102,47,2025-02-18,Completed,1355.11
103,441,2025-05-17,Completed,1902.56
104,392,2024-06-04,Completed,553.63
105,21,2025-08-29,Pending,0.0
106,90,2024-07-09,Completed,1309.99
107,470,2024-02-27,Completed,1993.95
108,224,2024-05-11,Completed,993.62
109,47,2023-12-20,Completed,828.53
110,165,2024-06-16,Completed,1718.31
111,169,2024-06-04,Completed,1001.03
112,340,2024-09-30,Returned,0.0
113,417,2023-10-10,Pending,0.0
114,19,2024-01-23,Completed,642.74
115,166,2024-10-18,Completed,1549.64
116,443,2024-12-27,Completed,1976.48
117,337,2025-07-27,Returned,0.0
118,237,2024-11-26,Completed,391.41
119,186,2024-01-30,Completed,1007.02
120,227,2025-06-25,Pending,0.0
121,105,2024-02-18,Completed,279.41
122,148,2025-06-24,Completed,1402.54
123,63,2025-04-19,Completed,1267.44
124,410,2025-03-13,Completed,333.59
125,283,2025-07-30,Completed,827.82
126,116,2024-06-11,Cancelled,0.0
127,468,2023-12-23,Completed,1895.18
128,332,2023-10-26,Pending,0.0
129,256,2024-03-25,Returned,0.0
130,150,2025-05-24,Completed,561.38
131,428,2024-03-24,Completed,955.0
132,234,2024-10-30,Completed,779.5
133,472,2024-07-03,Completed,1497.66
134,70,2024-05-25,Returned,0.0
135,142,2024-09-27,Pending,0.0
136,438,2024-10-20,Completed,1869.81
137,260,2024-04-11,Completed,25.08
138,372,2024-04-13,Completed,1182.14
139,338,2024-02-25,Completed,314.22
140,276,2023-12-14,Completed,678.23
141,391,2025-03-26,Completed,921.58
142,165,2025-03-22,Returned,0.0
143,358,2025-04-22,Completed,778.28
144,439,2024-03-15,Pending,0.0
145,23,2025-02-18,Completed,956.49
146,468,2023-11-26,Pending,0.0
147,198,2025-02-11,Cancelled,0.0
148,406,2024-09-21,Pending,0.0
149,78,2024-10-09,Completed,93.3
150,258,2025-01-26,Cancelled,0.0
151,170,2024-11-23,Returned,0.0
152,448,2024-03-21,Pending,0.0
153,52,2024-02-17,Completed,924.72
154,370,2024-07-31,Completed,1744.45
155,497,2024-09-09,Completed,949.59
156,497,2024-09-08,Completed,1254.05
157,204,2024-08-16,Completed,1706.5
158,437,2024-08-13,Completed,1076.57
159,489,2024-12-20,Completed,1443.06
160,389,2025-05-19,Completed,1091.21
161,317,2024-02-04,Completed,1269.7
162,472,2024-09-28,Completed,470.42
163,47,2024-02-04,Completed,214.92
164,325,2025-04-06,Pending,0.0
165,52,2024-09-28,Completed,1394.12
166,463,2023-11-05,Completed,662.26
167,29,2024-08-05,Completed,762.19
168,75,2024-12-03,Completed,835.86
169,350,2025-02-11,Pending,0.0
170,88,2024-03-01,Completed,1226.79
171,196,2024-10-30,Completed,496.84
172,468,2024-03-05,Completed,479.73
173,327,2024-05-09,Completed,525.55
174,5,2023-12-07,Returned,0.0
175,239,2025-03-24,Returned,0.0
176,347,2023-11-13,Completed,166.25
177,484,2025-08-13,Completed,1183.39
178,328,2025-09-11,Cancelled,0.0
179,354,2025-07-16,Completed,1693.7
180,102,2024-04-06,Cancelled,0.0
181,437,2024-04-20,Completed,489.67
182,293,2023-11-16,Completed,605.83
183,359,2024-01-10,Completed,1956.33
184,338,2025-01-01,Completed,36.03
185,443,2024-04-01,Completed,1494.44
186,26,2024-04-30,Returned,0.0
187,382,2024-04-30,Completed,1810.23
188,147,2023-11-08,Pending,0.0
189,118,2025-01-01,Completed,717.6
190,326,2025-07-08,Completed,516.24
191,387,2024-11-05,Pending,0.0
192,338,2025-01-17,Completed,290.82
193,50,2023-10-03,Returned,0.0
194,331,2024-07-07,Completed,1581.45
195,18,2024-03-01,Completed,1470.07
196,47,2024-12-16,Returned,0.0
197,168,2024-03-26,Pending,0.0
198,90,2025-05-04,Completed,1577.3
199,449,2024-01-25,Cancelled,0.0
200,272,2024-08-21,Completed,559.6
201,85,2024-06-01,Completed,1652.89
202,247,2024-03-31,Cancelled,0.0
203,152,2024-02-29,Pending,0.0
204,174,2024-09-14,Pending,0.0
205,240,2024-02-21,Cancelled,0.0
206,73,2023-11-28,Pending,0.0
207,116,2024-10-01,Returned,0.0
208,371,2024-07-29,Completed,806.87
209,434,2025-08-08,Pending,0.0
210,188,2024-05-18,Completed,801.26
211,136,2024-10-20,Completed,920.48
212,345,2024-01-27,Pending,0.0
213,135,2024-02-18,Completed,1648.39
214,482,2023-12-30,Completed,1356.18
215,242,2023-12-17,Completed,1770.78
216,288,2023-10-25,Completed,1227.96
217,332,2024-05-14,Completed,1651.23
218,466,2024-04-05,Pending,0.0
219,333,2025-07-18,Completed,296.76
220,485,2024-10-17,Completed,1991.94
221,60,2025-05-22,Completed,1776.77
222,70,2025-02-20,Completed,754.6
223,487,2024-07-03,Pending,0.0
224,485,2024-04-08,Completed,1182.93
225,373,2024-03-28,Completed,841.47
226,51,2025-05-04,Pending,0.0
227,316,2024-11-07,Completed,1904.01
228,17,2024-10-26,Completed,450.19
229,228,2024-10-22,Cancelled,0.0
230,438,2025-09-05,Completed,1962.24
231,189,2024-06-01,Completed,1956.13
232,184,2024-04-15,Completed,566.25
233,496,2025-05-06,Completed,1699.11
234,233,2024-11-23,Completed,439.97
235,328,2024-07-11,Completed,62.29
236,403,2025-08-18,Completed,1977.87
237,403,2023-11-12,Completed,155.85
238,392,2024-04-16,Completed,1181.04
239,417,2024-03-14,Returned,0.0
240,169,2024-12-19,Pending,0.0
241,404,2024-10-16,Returned,0.0
242,2,2024-03-04,Completed,1968.38
243,67,2024-05-23,Completed,1601.06
244,57,2024-09-17,Completed,71.04
245,8,2024-09-03,Completed,1581.09
246,302,2023-11-07,Completed,365.01
247,27,2024-05-05,Completed,853.5
248,59,2025-05-30,Pending,0.0
249,244,2025-01-02,Completed,736.84
250,304,2025-07-25,Completed,1017.6
251,485,2024-03-10,Completed,1459.94
252,466,2023-11-06,Returned,0.0
253,267,2024-02-09,Completed,1293.81
254,16,2025-04-10,Completed,968.38
255,206,2025-07-28,Completed,233.76
256,365,2025-04-10,Returned,0.0
257,38,2025-05-23,Returned,0.0
258,165,2024-06-25,Completed,150.05
259,141,2025-03-11,Completed,1179.02
260,365,2024-03-11,Completed,1989.36
261,272,2025-05-06,Completed,1020.99
262,221,2025-08-15,Completed,1409.52
263,437,2024-05-24,Completed,1757.86
264,283,2023-10-29,Pending,0.0
265,111,2024-05-03,Completed,1778.42
266,212,2025-05-31,Completed,917.93
267,213,2025-04-29,Pending,0.0
268,161,2024-11-15,Completed,1336.91
269,192,2023-11-15,Cancelled,0.0
270,352,2024-03-24,Returned,0.0
271,35,2025-05-01,Completed,189.02
272,222,2024-07-30,Completed,1482.82
273,416,2025-09-07,Completed,138.76
274,490,2024-08-20,Completed,672.7
275,63,2025-06-07,Completed,1749.74
276,482,2023-09-24,Pending,0.0
277,445,2025-09-14,Returned,0.0
278,27,2023-09-27,Cancelled,0.0
279,308,2024-03-21,Completed,225.13
280,260,2024-09-01,Completed,1320.34
281,115,2024-07-11,Pending,0.0
282,180,2025-02-20,Pending,0.0
283,189,2025-05-17,Completed,571.57
284,116,2024-01-04,Pending,0.0
285,433,2023-10-05,Completed,1539.52
286,319,2023-12-13,Completed,1292.54
287,14,2025-07-26,Completed,1322.51
288,356,2024-11-03,Completed,377.22
289,360,2024-04-28,Pending,0.0
290,472,2024-09-26,Completed,32.09
291,446,2025-04-08,Completed,1321.54
292,36,2023-12-05,Completed,1273.68
293,16,2023-09-28,Completed,1070.36
294,193,2024-05-26,Completed,694.97
295,190,2023-12-22,Completed,662.28
296,483,2023-12-09,Completed,188.21
297,27,2025-02-13,Completed,1513.78
298,26,2025-03-15,Completed,558.76
299,339,2025-05-15,Completed,1222.01
300,213,2024-09-12,Completed,1514.79
301,59,2024-06-25,Completed,239.56
302,348,2025-03-05,Completed,983.53
303,342,2023-11-12,Completed,456.63
304,307,2024-04-28,Completed,424.76
305,485,2024-08-20,Completed,291.72
306,131,2025-07-11,Completed,257.57
307,255,2025-07-18,Pending,0.0
308,90,2024-10-23,Completed,1074.51
309,118,2024-07-16,Completed,1670.04
310,413,2025-06-20,Completed,806.2
311,380,2025-02-18,Completed,57.11
312,472,2024-08-30,Completed,639.86
313,220,2023-12-21,Completed,1424.81
314,214,2025-07-13,Completed,821.96
315,495,2024-03-24,Completed,1606.62
316,317,2025-02-09,Completed,1385.43
317,186,2024-10-06,Completed,1692.08
318,125,2025-05-08,Completed,812.89
319,41,2024-11-07,Completed,634.34
320,174,2024-05-01,Completed,1562.65
321,40,2023-11-30,Completed,245.77
322,262,2023-10-09,Completed,1556.93
323,180,2023-09-27,Pending,0.0
324,420,2025-09-09,Completed,312.43
325,53,2025-01-22,Completed,410.6
326,309,2024-12-23,Completed,1523.12
327,39,2024-02-10,Completed,1550.24
328,253,2024-10-24,Completed,1136.2
329,297,2024-01-10,Completed,1849.83
330,290,2024-05-07,Completed,1973.33
331,166,2025-01-14,Returned,0.0
332,322,2025-05-19,Completed,890.73
333,241,2025-08-31,Completed,619.58
334,141,2025-07-15,Completed,716.85
335,38,2024-04-29,Completed,914.79
336,30,2024-02-03,Completed,588.41
337,331,2025-09-07,Returned,0.0
338,438,2024-07-22,Completed,1196.28
339,197,2024-08-09,Completed,1117.55
340,406,2025-06-30,Pending,0.0
341,22,2025-02-10,Completed,1623.44
342,334,2025-05-11,Completed,1217.91
343,257,2025-06-24,Completed,142.51
344,53,2023-09-23,Pending,0.0
345,429,2023-10-24,Completed,1434.34
346,259,2025-01-12,Completed,97.5
347,363,2024-08-18,Completed,890.06
348,268,2024-01-09,Completed,740.52
349,470,2025-03-08,Completed,829.36
350,174,2024-07-04,Completed,123.68
351,324,2024-07-26,Completed,150.51
352,49,2024-04-07,Completed,785.4
353,130,2025-02-26,Pending,0.0
354,337,2024-05-10,Cancelled,0.0
355,309,2023-10-03,Returned,0.0
356,171,2025-06-17,Completed,1333.95
357,470,2025-05-02,Completed,1936.04
358,358,2025-03-07,Completed,275.32
359,363,2025-01-02,Returned,0.0
360,159,2023-12-07,Completed,1294.12
361,169,2024-12-12,Pending,0.0
362,344,2024-09-22,Pending,0.0
363,485,2024-01-09,Pending,0.0
364,351,2024-05-08,Returned,0.0
365,48,2025-01-25,Completed,858.34
366,186,2024-05-13,Completed,631.55
367,487,2024-08-11,Completed,1896.38
368,249,2024-12-22,Completed,1999.95
369,80,2024-11-08,Completed,1691.97
370,52,2023-10-16,Completed,1088.75
371,379,2024-02-27,Returned,0.0
372,20,2025-04-18,Completed,1755.26
373,317,2024-03-22,Completed,765.91
374,84,2025-06-24,Completed,1391.83
375,320,2025-02-14,Pending,0.0
376,85,2024-11-13,Pending,0.0
377,23,2024-11-02,Completed,1359.2
378,122,2025-01-16,Cancelled,0.0
379,313,2025-04-19,Completed,1502.1
380,230,2024-04-11,Completed,493.55
381,495,2024-03-19,Pending,0.0
382,241,2025-08-09,Returned,0.0
383,100,2024-10-05,Completed,1895.32
384,226,2025-06-26,Completed,577.91
385,196,2023-10-02,Completed,848.95
386,83,2023-10-05,Pending,0.0
387,411,2024-06-11,Completed,1748.54
388,27,2024-04-26,Completed,1750.75
389,284,2025-07-26,Returned,0.0
390,365,2024-07-01,Pending,0.0
391,436,2024-12-20,Completed,186.07
392,83,2023-11-21,Completed,1812.51
393,76,2024-09-16,Pending,0.0
394,47,2024-06-26,Returned,0.0
395,114,2025-02-04,Pending,0.0
396,453,2024-07-28,Completed,72.81
397,28,2024-03-11,Completed,760.44
398,198,2024-03-07,Cancelled,0.0
399,192,2024-04-04,Completed,651.0
400,51,2024-03-22,Pending,0.0
401,333,2024-07-31,Completed,309.18
402,20,2024-01-07,Completed,1662.93
403,357,2025-04-03,Pending,0.0
404,389,2025-03-09,Pending,0.0
405,230,2024-09-28,Completed,1813.6
406,10,2025-08-19,Completed,1673.23
407,281,2024-07-15,Returned,0.0
408,312,2025-08-12,Completed,240.15
409,148,2024-01-20,Completed,261.26
410,123,2024-07-28,Completed,1591.92
411,235,2025-08-05,Completed,1676.64
412,256,2025-02-27,Completed,52.54
413,264,2024-12-08,Completed,1442.72
414,150,2025-06-04,Completed,1237.32
415,124,2024-06-19,Completed,390.88
416,343,2025-07-10,Completed,1949.82
417,35,2024-07-07,Cancelled,0.0
418,279,2025-02-14,Completed,1976.9
419,284,2025-07-12,Completed,1749.2
420,23,2024-04-07,Completed,1962.46
421,130,2024-04-19,Pending,0.0
422,183,2024-10-21,Pending,0.0
423,177,2024-03-19,Completed,1321.07
424,54,2023-12-29,Pending,0.0
425,377,2025-04-02,Pending,0.0
426,69,2025-03-16,Completed,1101.11
427,417,2024-04-27,Completed,1664.16
428,351,2024-06-28,Completed,1396.87
429,324,2023-12-08,Completed,287.01
430,367,2025-05-24,Pending,0.0
431,235,2025-08-21,Completed,419.15
432,406,2023-11-04,Completed,102.97
433,478,2024-02-02,Completed,808.48
434,418,2025-05-16,Completed,521.56
435,386,2024-12-22,Completed,586.5
436,442,2024-07-03,Pending,0.0
437,444,2024-07-21,Completed,560.97
438,410,2024-06-10,Completed,1781.18
439,381,2024-05-12,Completed,1913.83
440,174,2024-07-05,Cancelled,0.0
441,255,2025-08-23,Completed,747.35
442,409,2024-10-03,Completed,1606.27
443,373,2024-03-05,Completed,872.6
444,422,2025-03-01,Completed,601.66
445,53,2023-12-20,Completed,1328.62
446,157,2024-10-26,Completed,1440.97
447,86,2025-04-11,Completed,716.06
448,22,2025-05-18,Pending,0.0
449,467,2024-06-20,Completed,1996.34
450,141,2024-07-05,Completed,1587.13
451,30,2025-02-26,Completed,1282.27
452,187,2025-08-13,Completed,1504.8
453,82,2024-06-02,Cancelled,0.0
454,74,2023-10-09,Pending,0.0
455,348,2024-08-31,Pending,0.0
456,18,2025-06-30,Completed,487.27
457,331,2025-04-24,Completed,778.05
458,291,2024-06-05,Completed,323.81
459,231,2024-07-30,Returned,0.0
460,191,2025-09-17,Completed,172.23
461,71,2023-10-12,Completed,808.11
462,333,2024-06-07,Completed,1921.83
463,14,2024-06-23,Pending,0.0
464,256,2024-05-28,Completed,1828.81
465,61,2024-04-12,Completed,535.37
466,229,2025-02-13,Completed,1231.52
467,356,2025-06-16,Returned,0.0
468,252,2023-12-01,Completed,288.74
469,38,2024-04-28,Completed,1799.38
470,228,2023-10-12,Cancelled,0.0
471,415,2023-12-16,Completed,1694.13
472,164,2024-11-18,Completed,1424.89
473,282,2025-07-21,Completed,1784.84
474,436,2025-09-20,Completed,1424.94
475,359,2025-03-25,Completed,1591.52
476,261,2023-10-20,Completed,1970.56
477,406,2025-01-07,Completed,1584.94
478,14,2025-02-10,Completed,1153.11
479,240,2024-03-09,Pending,0.0
480,283,2024-09-27,Completed,1770.81
481,34,2025-09-17,Completed,1999.2
482,369,2024-01-28,Completed,833.37
483,210,2024-01-30,Pending,0.0
484,38,2025-02-20,Completed,647.71
485,38,2025-04-18,Completed,1366.62
486,177,2024-07-08,Completed,1661.53
487,283,2024-01-09,Completed,380.29
488,495,2024-03-20,Completed,1015.67
489,445,2024-06-08,Completed,265.84
490,79,2024-04-06,Completed,340.69
491,479,2023-11-22,Pending,0.0
492,178,2024-09-27,Returned,0.0
493,266,2024-01-05,Returned,0.0
494,434,2025-01-21,Completed,408.68
495,490,2025-08-07,Completed,267.84
496,156,2024-12-10,Completed,204.99
497,329,2025-08-24,Completed,1884.38
498,79,2024-05-20,Completed,1256.47
499,462,2024-08-09,Completed,1688.21
500,289,2025-08-18,Completed,1730.29
501,42,2023-10-06,Completed,1290.08
502,296,2024-09-24,Completed,437.4
503,293,2024-11-12,Completed,1285.2
504,255,2024-01-19,Returned,0.0
505,280,2023-10-29,Completed,1914.17
506,248,2024-12-11,Completed,1618.55
507,208,2025-02-01,Completed,164.49
508,31,2023-11-23,Completed,842.93
509,238,2023-12-22,Completed,1221.19
510,161,2025-05-30,Returned,0.0
511,164,2025-02-14,Pending,0.0
512,441,2023-12-03,Completed,809.46
513,390,2025-01-25,Completed,1132.07
514,164,2025-09-07,Completed,262.59
515,231,2024-12-04,Completed,211.69
516,149,2023-11-08,Returned,0.0
517,443,2025-05-17,Completed,511.58
518,444,2023-11-02,Returned,0.0
519,417,2024-05-18,Completed,1163.82
520,161,2023-12-17,Completed,335.5
521,264,2023-10-18,Completed,1760.57
522,255,2024-10-17,Completed,1891.56
523,259,2023-12-11,Completed,496.64
524,299,2024-10-15,Completed,120.07
525,254,2024-12-23,Completed,1688.84
526,345,2024-02-24,Completed,1082.65
527,434,2025-06-04,Completed,285.19
528,136,2024-12-07,Pending,0.0
529,392,2023-09-27,Completed,109.58
530,27,2025-08-28,Completed,405.42
531,284,2024-01-17,Completed,784.97
532,231,2024-11-21,Pending,0.0
533,144,2024-03-27,Pending,0.0
534,320,2023-10-04,Completed,255.25
535,500,2023-12-30,Completed,758.93
536,174,2024-01-09,Completed,743.9
537,74,2024-11-16,Completed,1028.06
538,257,2025-01-16,Completed,97.05
539,366,2025-08-26,Completed,958.01
540,234,2024-07-22,Completed,1788.4
541,72,2025-08-19,Completed,1233.87
542,84,2024-10-18,Completed,1240.67
543,432,2025-08-17,Completed,686.02
544,425,2024-02-05,Completed,989.9
545,289,2023-11-24,Completed,1635.18
546,189,2024-10-09,Completed,237.02
547,214,2024-07-06,Completed,1597.57
548,372,2024-03-14,Returned,0.0
549,323,2025-02-22,Completed,959.69
550,496,2025-06-13,Completed,1944.67
551,297,2025-08-29,Completed,1448.37
552,299,2024-07-15,Completed,1057.98
553,370,2024-11-25,Completed,1685.51
554,76,2024-12-12,Pending,0.0
555,125,2023-11-28,Completed,1897.45
556,57,2024-11-24,Completed,893.26
557,215,2024-12-31,Completed,1387.19
558,211,2024-08-05,Completed,1230.73
559,242,2023-11-15,Returned,0.0
560,377,2025-05-22,Pending,0.0
561,362,2025-04-03,Completed,430.54
562,167,2025-08-15,Cancelled,0.0
563,245,2023-11-24,Completed,641.23
564,89,2023-12-09,Completed,1075.59
565,280,2024-04-22,Completed,1548.54
566,370,2024-02-27,Completed,1611.23
567,136,2025-01-25,Completed,400.68
568,127,2024-02-29,Completed,611.03
569,483,2024-08-14,Cancelled,0.0
570,153,2025-02-16,Pending,0.0
571,361,2024-10-20,Completed,1415.88
572,163,2024-06-22,Completed,1129.77
573,479,2024-05-04,Pending,0.0
574,141,2024-04-28,Completed,1155.48
575,279,2024-06-10,Completed,1960.72
576,420,2024-01-22,Completed,1550.67
577,75,2025-04-16,Completed,589.51
578,366,2024-01-08,Completed,1849.54
579,336,2024-09-21,Completed,968.58
580,104,2024-07-25,Pending,0.0
581,139,2024-10-25,Returned,0.0
582,357,2023-11-08,Completed,236.27
583,380,2023-10-08,Completed,500.07
584,343,2024-12-19,Returned,0.0
585,116,2024-04-07,Completed,123.93
586,212,2024-10-01,Completed,955.36
587,349,2023-10-02,Pending,0.0
588,3,2024-10-22,Cancelled,0.0
589,476,2024-05-18,Completed,1312.73
590,451,2023-12-27,Returned,0.0
591,245,2025-03-22,Completed,1516.7
592,148,2024-02-29,Completed,1298.88
593,465,2024-06-19,Pending,0.0
594,334,2025-05-30,Completed,1079.6
595,371,2025-01-09,Returned,0.0
596,20,2024-09-05,Returned,0.0
597,90,2025-01-25,Completed,1678.46
598,479,2024-06-13,Returned,0.0
599,429,2024-12-24,Completed,1000.86
600,480,2024-10-17,Pending,0.0
601,447,2024-01-18,Returned,0.0
602,449,2023-10-11,Completed,610.82
603,309,2025-08-18,Completed,1966.33
604,146,2023-10-18,Completed,1289.8
605,269,2024-07-11,Completed,1878.35
606,436,2024-02-08,Completed,560.22
607,415,2025-07-05,Completed,341.74
608,235,2024-08-19,Completed,1442.82
609,8,2023-12-27,Pending,0.0
610,405,2024-12-23,Completed,1355.31
611,99,2024-08-08,Completed,1715.17
612,460,2025-07-20,Completed,866.85
613,168,2024-10-23,Completed,1345.13
614,95,2025-03-12,Cancelled,0.0
615,245,2025-04-29,Completed,511.13
616,134,2024-11-03,Completed,904.54
617,137,2025-03-24,Cancelled,0.0
618,155,2025-02-04,Completed,1154.3
619,134,2025-04-26,Completed,1391.68
620,32,2024-07-24,Completed,941.48
621,82,2025-07-28,Completed,1014.99
622,459,2024-08-09,Returned,0.0
623,395,2025-08-21,Completed,252.48
624,470,2024-08-29,Returned,0.0
625,189,2025-07-15,Completed,453.87
626,69,2025-02-07,Completed,920.86
627,311,2024-03-12,Completed,1409.84
628,468,2025-09-11,Completed,1084.29
629,341,2023-11-26,Pending,0.0
630,391,2023-10-17,Completed,1514.38
631,448,2024-05-29,Pending,0.0
632,270,2024-06-07,Completed,1413.46
633,40,2024-05-28,Returned,0.0
634,58,2025-06-04,Completed,1104.35
635,259,2025-01-15,Completed,1082.59
636,85,2025-07-07,Completed,1050.28
637,60,2024-12-31,Completed,1439.5
638,251,2025-05-24,Completed,1030.54
639,415,2025-07-23,Completed,281.25
640,213,2024-11-18,Completed,134.32
641,237,2024-08-07,Completed,630.18
642,12,2024-09-12,Completed,1636.58
643,382,2024-09-08,Completed,164.6
644,217,2025-04-10,Completed,146.24
645,31,2024-11-29,Returned,0.0
646,36,2023-12-03,Cancelled,0.0
647,242,2024-09-17,Completed,829.56
648,394,2025-07-30,Completed,1290.22
649,374,2025-04-09,Completed,852.32
650,457,2025-03-23,Completed,1741.85
651,465,2023-10-20,Completed,178.89
652,494,2025-06-08,Completed,1087.81
653,335,2024-09-04,Returned,0.0
654,61,2025-07-14,Completed,1083.77
655,271,2023-12-23,Completed,1957.87
656,428,2025-04-30,Completed,65.02
657,153,2025-02-16,Completed,1443.81
658,218,2024-10-14,Completed,1650.25
659,127,2024-11-03,Completed,327.14
660,97,2025-05-03,Returned,0.0
661,372,2024-01-02,Pending,0.0
662,17,2025-04-15,Pending,0.0
663,215,2024-08-14,Completed,1873.75
664,456,2025-07-20,Completed,428.04
665,52,2025-07-25,Completed,903.95
666,345,2025-01-25,Pending,0.0
667,25,2024-07-05,Completed,107.59
668,225,2025-09-08,Completed,450.19
669,443,2024-08-21,Pending,0.0
670,72,2024-07-25,Completed,592.74
671,418,2024-11-23,Returned,0.0
672,295,2024-10-04,Completed,1203.88
673,345,2025-03-14,Pending,0.0
674,122,2025-01-21,Completed,303.66
675,339,2024-03-06,Completed,838.85
676,141,2024-11-02,Completed,1898.07
677,451,2024-01-28,Pending,0.0
678,90,2024-11-06,Completed,865.86
679,254,2025-07-17,Completed,701.94
680,330,2025-04-03,Completed,1575.89
681,164,2024-05-24,Completed,828.35
682,154,2024-06-09,Completed,1513.74
683,243,2025-08-12,Completed,466.18
684,440,2024-09-04,Pending,0.0
685,413,2025-07-19,Completed,134.1
686,212,2024-07-11,Cancelled,0.0
687,286,2024-11-20,Completed,789.07
688,131,2024-09-06,Completed,1300.48
689,473,2024-12-19,Completed,754.73
690,275,2025-08-01,Pending,0.0
691,98,2024-03-19,Completed,766.79
692,310,2024-01-29,Completed,1749.77
693,97,2024-08-26,Pending,0.0
694,301,2025-02-18,Pending,0.0
695,287,2025-08-19,Completed,433.6
696,465,2025-04-05,Completed,1914.9
697,8,2024-07-09,Completed,396.25
698,380,2024-03-04,Completed,1999.15
699,246,2025-01-22,Returned,0.0
700,357,2025-05-20,Completed,424.94
701,469,2024-01-27,Completed,656.8
702,145,2025-01-02,Completed,1076.63
703,184,2023-11-26,Completed,732.1
704,452,2024-10-12,Completed,215.24
705,370,2024-11-29,Completed,1682.67
706,469,2025-02-04,Completed,639.59
707,24,2024-07-11,Completed,458.12
708,75,2024-04-06,Completed,1115.56
709,300,2025-08-01,Completed,846.8
710,79,2024-04-03,Completed,475.44
711,292,2025-04-04,Pending,0.0
712,256,2024-11-25,Completed,1888.06
713,173,2025-07-27,Completed,1646.75
714,495,2024-01-13,Pending,0.0
715,379,2025-05-12,Completed,353.1
716,408,2025-05-10,Completed,297.12
717,280,2024-04-14,Completed,1835.46
718,278,2024-09-24,Cancelled,0.0
719,491,2024-07-22,Completed,86.97
720,434,2024-04-27,Completed,1639.63
721,25,2025-09-20,Pending,0.0
722,212,2024-10-15,Completed,1268.79
723,35,2025-04-10,Pending,0.0
724,5,2024-02-17,Completed,922.9
725,31,2025-06-20,Completed,1340.17
726,316,2024-04-21,Returned,0.0
727,338,2024-06-12,Completed,33.09
728,283,2025-07-22,Completed,53.12
729,370,2024-04-21,Completed,1955.41
730,9,2025-04-05,Completed,1401.76
731,221,2025-09-19,Pending,0.0
732,466,2024-03-23,Completed,1837.74
733,269,2024-01-29,Completed,400.03
734,270,2024-09-08,Completed,721.79
735,408,2024-02-22,Completed,758.64
736,208,2023-10-13,Completed,501.55
737,357,2024-10-01,Completed,1374.4
738,435,2024-06-16,Completed,1983.52
739,333,2024-12-05,Pending,0.0
740,48,2024-01-27,Completed,766.8
741,244,2024-06-11,Completed,38.71
742,88,2024-10-18,Completed,1693.75
743,331,2025-09-11,Pending,0.0
744,290,2024-04-07,Cancelled,0.0
745,499,2025-01-09,Completed,1065.76
746,22,2024-01-26,Completed,1804.52
747,355,2025-02-13,Returned,0.0
748,244,2025-04-20,Completed,1849.84
749,351,2025-09-08,Returned,0.0
750,461,2024-12-16,Completed,1323.06
751,92,2024-03-07,Returned,0.0
752,162,2024-12-27,Completed,430.17
753,74,2024-04-28,Pending,0.0
754,365,2024-03-07,Pending,0.0
755,476,2024-01-12,Completed,341.65
756,124,2024-07-14,Completed,1701.9
757,347,2025-02-25,Returned,0.0
758,170,2023-10-07,Completed,1484.7
759,405,2024-11-04,Cancelled,0.0
760,371,2025-01-22,Completed,1496.0
761,178,2025-08-19,Completed,885.43
762,430,2024-05-02,Completed,1218.23
763,315,2025-02-26,Cancelled,0.0
764,204,2024-08-17,Cancelled,0.0
765,168,2024-09-22,Completed,561.19
766,231,2024-11-19,Completed,724.51
767,482,2024-07-06,Completed,387.76
768,300,2023-10-02,Completed,189.67
769,317,2025-08-16,Completed,507.97
770,38,2024-10-15,Completed,325.36
771,365,2024-07-17,Pending,0.0
772,79,2024-11-17,Pending,0.0
773,163,2024-07-01,Completed,201.21
774,483,2024-06-02,Completed,732.64
775,139,2023-10-14,Completed,192.85
776,221,2024-06-04,Completed,1118.39
777,209,2025-04-23,Completed,197.45
778,284,2024-07-10,Completed,1204.13
779,167,2024-07-06,Returned,0.0
780,7,2023-09-30,Completed,787.84
781,44,2023-11-13,Pending,0.0
782,287,2025-01-01,Returned,0.0
783,125,2024-03-11,Completed,355.77
784,195,2025-07-05,Completed,552.46
785,138,2025-07-29,Completed,145.27
786,223,2024-12-22,Completed,613.51
787,401,2025-04-11,Completed,518.37
788,127,2025-02-17,Pending,0.0
789,254,2025-07-11,Completed,407.19
790,55,2024-12-24,Completed,33.4
791,203,2025-05-07,Completed,1247.98
792,412,2025-01-17,Returned,0.0
793,226,2024-09-26,Completed,1634.64
794,441,2025-07-27,Completed,1196.9
795,154,2025-08-06,Completed,1895.61
796,103,2023-10-27,Completed,371.72
797,204,2025-08-12,Cancelled,0.0
798,150,2023-11-10,Pending,0.0
799,325,2025-04-15,Completed,1160.24
800,125,2023-12-24,Completed,574.99
801,403,2024-12-29,Completed,245.5
802,289,2024-04-20,Completed,1994.58
803,93,2023-10-16,Completed,1109.2
804,488,2023-12-31,Pending,0.0
805,483,2025-02-24,Pending,0.0
806,225,2025-05-13,Pending,0.0
807,426,2025-07-04,Completed,1641.55
808,408,2024-08-04,Pending,0.0
809,345,2023-12-23,Completed,1274.01
810,124,2024-11-26,Completed,325.2
811,217,2024-11-14,Pending,0.0
812,38,2023-12-17,Completed,1203.91
813,299,2024-04-24,Completed,1023.09
814,472,2024-12-07,Returned,0.0
815,215,2023-11-08,Completed,1585.63
816,185,2024-07-04,Pending,0.0
817,416,2024-08-15,Completed,1283.6
818,44,2025-03-13,Completed,511.5
819,341,2025-05-31,Completed,1301.06
820,23,2024-08-24,Completed,1297.16
821,332,2024-10-01,Completed,1510.31
822,495,2025-01-25,Pending,0.0
823,55,2024-01-15,Completed,532.3
824,262,2024-06-22,Pending,0.0
825,286,2023-10-05,Completed,1158.97
826,229,2025-09-12,Completed,936.87
827,348,2025-08-27,Completed,1010.92
828,177,2024-05-04,Cancelled,0.0
829,248,2023-10-12,Completed,843.63
830,493,2023-09-24,Completed,1666.01
831,374,2024-09-15,Completed,637.54
832,234,2025-08-28,Pending,0.0
833,267,2024-02-24,Completed,962.8
834,225,2025-08-19,Pending,0.0
835,232,2024-08-05,Completed,614.52
836,415,2025-03-26,Pending,0.0
837,12,2025-04-26,Pending,0.0
838,332,2024-09-28,Completed,1604.1
839,477,2024-09-15,Cancelled,0.0
840,125,2025-09-17,Completed,1112.78
841,170,2024-06-08,Completed,1917.76
842,119,2024-02-06,Pending,0.0
843,323,2024-07-16,Completed,1288.15
844,222,2024-02-26,Completed,1480.03
845,453,2023-11-29,Completed,1192.56
846,200,2023-10-09,Completed,445.3
847,143,2024-08-15,Pending,0.0
848,415,2023-10-30,Pending,0.0
849,296,2024-11-13,Completed,1746.52
850,96,2025-06-13,Completed,410.21
851,59,2023-11-18,Completed,1728.02
852,271,2024-01-19,Cancelled,0.0
853,161,2024-09-21,Completed,1230.39
854,301,2024-12-14,Completed,716.93
855,235,2024-04-02,Completed,1631.2
856,362,2025-07-02,Pending,0.0
857,471,2024-12-30,Completed,187.81
858,69,2024-09-11,Completed,492.37
859,60,2025-04-22,Completed,1393.0
860,262,2025-06-13,Completed,1200.92
861,295,2025-01-14,Completed,387.79
862,326,2024-10-05,Completed,1839.94
863,477,2025-05-21,Cancelled,0.0
864,285,2024-05-23,Completed,591.89
865,96,2023-11-20,Completed,912.98
866,28,2024-06-11,Returned,0.0
867,488,2025-03-02,Completed,290.34
868,418,2024-04-03,Completed,1131.93
869,335,2025-05-20,Completed,1375.7
870,213,2025-06-05,Pending,0.0
871,228,2024-07-23,Completed,183.69
872,16,2025-07-19,Pending,0.0
873,113,2025-05-01,Completed,564.21
874,276,2024-06-25,Completed,1565.87
875,290,2025-07-10,Pending,0.0
876,393,2025-06-02,Completed,1031.4
877,294,2024-12-07,Completed,1554.72
878,422,2025-01-13,Cancelled,0.0
879,278,2025-03-11,Pending,0.0
880,22,2025-01-28,Pending,0.0
881,226,2024-10-15,Completed,1979.76
882,53,2025-07-31,Pending,0.0
883,335,2025-07-22,Pending,0.0
884,153,2023-11-05,Returned,0.0
885,17,2024-03-16,Completed,710.18
886,419,2024-02-25,Completed,1733.28
887,61,2025-02-19,Pending,0.0
888,122,2025-04-18,Completed,1480.47
889,353,2025-03-07,Completed,1427.29
890,324,2025-03-11,Completed,1239.98
891,402,2023-12-26,Completed,429.75
892,31,2024-06-30,Completed,1073.92
893,306,2024-12-31,Completed,660.83
894,361,2025-06-20,Completed,1154.02
895,488,2024-02-09,Returned,0.0
896,461,2024-07-30,Completed,208.55
897,493,2024-10-21,Pending,0.0
898,211,2024-02-19,Returned,0.0
899,142,2024-11-15,Returned,0.0
900,65,2024-02-24,Pending,0.0
901,68,2024-12-16,Completed,1428.56
902,425,2025-01-26,Completed,1690.24
903,202,2025-03-16,Completed,1163.3
904,138,2024-06-28,Completed,762.84
905,39,2023-10-04,Completed,1762.65
906,48,2025-02-03,Completed,1504.61
907,356,2024-01-15,Returned,0.0
908,189,2024-07-25,Completed,986.33
909,298,2024-06-23,Completed,1552.79
910,376,2025-03-05,Completed,1944.86
911,326,2024-04-22,Completed,729.28
912,33,2025-09-09,Pending,0.0
913,204,2025-05-28,Completed,870.69
914,109,2024-07-31,Completed,659.27
915,146,2024-10-03,Completed,1164.31
916,290,2023-11-10,Returned,0.0
917,404,2024-10-11,Completed,1371.45
918,25,2025-08-27,Completed,1259.84
919,429,2023-10-05,Completed,265.99
920,440,2025-03-03,Completed,923.91
921,491,2025-06-01,Completed,1991.47
922,466,2023-09-25,Completed,1306.99
923,82,2024-01-25,Returned,0.0
924,449,2025-04-27,Completed,1316.08
925,129,2023-12-04,Completed,1335.73
926,333,2025-04-03,Completed,804.76
927,157,2024-05-23,Pending,0.0
928,387,2024-06-16,Completed,1317.86
929,361,2024-11-15,Completed,442.57
930,40,2025-09-09,Completed,467.86
931,349,2023-11-24,Completed,35.96
932,176,2024-02-07,Pending,0.0
933,441,2024-11-27,Completed,281.71
934,37,2025-04-22,Completed,196.88
935,413,2024-01-03,Completed,640.44
936,452,2024-11-13,Completed,777.79
937,417,2025-09-12,Pending,0.0
938,69,2024-06-26,Completed,1360.73
939,36,2024-04-12,Completed,36.78
940,333,2023-11-12,Completed,715.35
941,110,2025-09-04,Completed,319.72
942,211,2025-02-25,Completed,895.92
943,112,2024-01-31,Completed,218.92
944,386,2024-05-16,Completed,1465.42
945,180,2024-12-09,Cancelled,0.0
946,162,2025-09-13,Pending,0.0
947,127,2024-11-06,Completed,186.81
948,284,2024-10-20,Completed,1447.94
949,146,2024-10-03,Pending,0.0
950,354,2024-02-01,Completed,1697.2
951,449,2025-05-23,Completed,1045.14
952,261,2024-12-17,Completed,795.67
953,331,2024-01-24,Completed,1797.87
954,489,2025-03-28,Completed,784.05
955,124,2024-09-22,Completed,1195.98
956,271,2024-05-03,Returned,0.0
957,7,2025-05-15,Cancelled,0.0
958,479,2024-03-24,Completed,785.94
959,430,2024-07-14,Completed,743.52
960,350,2024-07-26,Completed,952.61
961,395,2024-04-28,Completed,1182.98
962,8,2024-06-08,Completed,98.86
963,31,2024-10-23,Returned,0.0
964,204,2024-12-29,Completed,1264.57
965,257,2025-06-17,Pending,0.0
966,217,2024-01-30,Pending,0.0
967,43,2024-01-31,Completed,1084.56
968,79,2024-09-07,Completed,633.62
969,262,2025-03-13,Returned,0.0
970,499,2024-01-15,Pending,0.0
971,275,2025-07-08,Completed,1181.15
972,391,2025-03-29,Pending,0.0
973,349,2023-11-11,Completed,634.14
974,224,2024-11-11,Pending,0.0
975,434,2025-06-30,Completed,504.07
976,474,2025-02-17,Completed,917.68
977,312,2024-08-02,Completed,1338.84
978,337,2024-09-28,Pending,0.0
979,62,2023-11-12,Completed,291.68
980,6,2024-02-15,Completed,1906.97
981,268,2025-09-07,Completed,1648.56
982,133,2025-01-13,Completed,271.32
983,400,2024-05-24,Returned,0.0
984,376,2024-07-12,Returned,0.0
985,395,2024-05-07,Returned,0.0
986,172,2024-08-03,Pending,0.0
987,140,2025-02-28,Completed,540.64
988,500,2024-10-03,Completed,172.6
989,234,2023-12-02,Completed,129.77
990,440,2023-12-09,Completed,748.02
991,131,2024-08-31,Pending,0.0
992,458,2024-09-09,Completed,1451.1
993,117,2024-06-21,Pending,0.0
994,2,2025-03-07,Completed,1728.6
995,126,2023-12-28,Completed,740.67
996,472,2023-10-28,Completed,1863.7
997,440,2023-12-09,Completed,1610.17
998,366,2024-07-27,Pending,0.0
999,215,2024-06-23,Completed,511.56
1000,469,2025-03-09,Pending,0.0
1001,139,2024-04-17,Pending,0.0
1002,293,2024-04-07,Completed,1014.04
1003,462,2025-07-25,Completed,461.91
1004,265,2025-06-19,Cancelled,0.0
1005,489,2024-11-21,Completed,1756.44
1006,444,2024-01-06,Completed,1692.8
1007,168,2024-10-25,Completed,924.36
1008,189,2024-08-05,Completed,1136.34
1009,156,2024-07-18,Pending,0.0
1010,125,2024-01-23,Completed,1191.55
1011,253,2024-01-23,Cancelled,0.0
1012,398,2023-11-22,Completed,1802.88
1013,390,2025-02-25,Pending,0.0
1014,78,2024-04-02,Completed,831.87
1015,120,2024-08-14,Completed,1279.16
1016,356,2023-10-31,Returned,0.0
1017,487,2024-11-21,Completed,1522.68
1018,193,2023-09-26,Pending,0.0
1019,373,2025-05-09,Completed,426.28
1020,122,2024-05-30,Completed,1923.15
1021,498,2025-01-13,Cancelled,0.0
1022,365,2024-10-22,Completed,106.92
1023,119,2024-06-02,Returned,0.0
1024,267,2024-04-29,Completed,1793.24
1025,235,2025-02-16,Cancelled,0.0
1026,44,2025-01-16,Completed,1020.75
1027,327,2023-10-11,Pending,0.0
1028,39,2024-12-28,Completed,143.32
1029,340,2024-08-11,Cancelled,0.0
1030,122,2023-12-12,Completed,1704.81
1031,475,2024-03-19,Pending,0.0
1032,359,2024-04-01,Pending,0.0
1033,168,2025-06-30,Completed,558.47
1034,39,2024-05-22,Returned,0.0
1035,70,2025-01-18,Pending,0.0
1036,300,2025-08-27,Completed,229.2
1037,231,2023-11-29,Completed,824.89
1038,275,2025-04-27,Completed,1545.27
1039,232,2023-12-24,Completed,544.72
1040,62,2024-08-21,Completed,1619.04
1041,156,2023-12-06,Pending,0.0
1042,357,2025-04-22,Completed,445.74
1043,439,2024-11-14,Completed,200.6
1044,128,2023-09-30,Cancelled,0.0
1045,203,2025-06-24,Completed,1360.82
1046,134,2024-01-26,Pending,0.0
1047,90,2024-09-24,Completed,820.7
1048,232,2024-06-13,Completed,1109.24
1049,49,2023-11-10,Completed,1611.72
1050,72,2024-11-08,Completed,142.1
1051,400,2024-03-31,Cancelled,0.0
1052,67,2025-04-10,Completed,813.15
1053,352,2025-08-10,Completed,1296.48
1054,299,2024-06-14,Completed,1836.51
1055,39,2024-09-03,Completed,147.65
1056,463,2025-06-02,Completed,1622.41
1057,48,2025-03-01,Returned,0.0
1058,425,2023-11-02,Pending,0.0
1059,63,2024-08-02,Completed,932.77
1060,87,2024-01-17,Returned,0.0
1061,222,2024-10-08,Pending,0.0
1062,203,2024-07-18,Completed,777.8
1063,219,2025-01-06,Completed,445.14
1064,96,2025-02-09,Completed,903.1
1065,77,2025-02-17,Completed,1245.97
1066,126,2024-05-11,Completed,1007.81
1067,452,2024-08-14,Completed,140.74
1068,144,2024-01-21,Completed,850.08
1069,330,2023-12-08,Returned,0.0
1070,270,2025-01-25,Completed,1988.29
1071,279,2023-12-13,Pending,0.0
1072,196,2024-11-05,Pending,0.0
1073,184,2025-07-30,Completed,1567.24
1074,177,2025-01-18,Returned,0.0
1075,258,2024-03-30,Completed,555.46
1076,14,2024-05-10,Completed,453.66
1077,459,2024-01-25,Pending,0.0
1078,144,2023-10-23,Completed,1983.23
1079,272,2024-11-29,Completed,1176.3
1080,120,2024-04-24,Cancelled,0.0
1081,52,2024-01-24,Completed,497.48
1082,274,2025-03-01,Pending,0.0
1083,470,2024-02-17,Pending,0.0
1084,392,2024-11-09,Cancelled,0.0
1085,113,2025-03-26,Completed,1965.68
1086,199,2024-04-01,Completed,1681.66
1087,433,2024-06-01,Completed,488.37
1088,163,2025-07-14,Pending,0.0
1089,358,2025-06-08,Completed,1191.29
1090,361,2025-09-06,Pending,0.0
1091,486,2024-02-25,Completed,301.36
1092,486,2024-09-03,Completed,1976.25
1093,452,2024-02-15,Cancelled,0.0
1094,278,2025-05-30,Completed,991.06
1095,47,2025-07-31,Completed,1211.29
1096,11,2025-01-31,Completed,21.35
1097,470,2025-04-03,Completed,1616.76
1098,175,2024-08-22,Pending,0.0
1099,471,2025-01-14,Pending,0.0
1100,445,2024-07-27,Completed,63.39
1101,301,2025-09-13,Pending,0.0
1102,73,2023-09-23,Pending,0.0
1103,434,2024-03-24,Completed,742.48
1104,38,2024-12-29,Completed,1885.01
1105,203,2025-03-26,Completed,686.39
1106,166,2024-07-29,Completed,331.86
1107,486,2023-12-10,Completed,1285.75
1108,250,2023-12-11,Completed,364.92
1109,496,2025-06-23,Completed,1781.41
1110,315,2024-04-09,Pending,0.0
1111,115,2025-03-16,Completed,1632.62
1112,194,2024-12-02,Completed,1383.23
1113,66,2025-09-06,Completed,23.56
1114,360,2025-07-19,Returned,0.0
1115,201,2024-08-24,Returned,0.0
1116,395,2025-04-25,Cancelled,0.0
1117,17,2025-04-10,Completed,650.07
1118,415,2024-06-16,Cancelled,0.0
1119,114,2023-09-21,Completed,226.14
1120,255,2023-11-24,Completed,1495.78
1121,122,2025-08-23,Completed,652.65
1122,326,2023-12-24,Returned,0.0
1123,46,2024-06-10,Pending,0.0
1124,344,2023-11-22,Completed,1775.57
1125,229,2024-06-25,Completed,435.17
1126,355,2024-04-30,Completed,528.18
1127,56,2024-09-23,Pending,0.0
1128,25,2024-04-19,Completed,1470.52
1129,497,2024-10-01,Completed,839.76
1130,452,2025-04-21,Completed,1101.13
1131,52,2024-11-20,Pending,0.0
1132,404,2023-12-11,Returned,0.0
1133,334,2024-02-22,Pending,0.0
1134,116,2023-11-30,Completed,165.94
1135,434,2023-11-11,Completed,59.75
1136,134,2023-11-15,Cancelled,0.0
1137,38,2024-08-10,Completed,1778.1
1138,83,2024-03-28,Pending,0.0
1139,281,2024-11-13,Returned,0.0
1140,48,2024-03-22,Completed,1970.85
1141,458,2024-01-06,Completed,81.37
1142,483,2025-08-31,Completed,1222.49
1143,223,2024-01-15,Completed,220.49
1144,106,2025-08-19,Cancelled,0.0
1145,210,2025-03-30,Completed,1449.64
1146,374,2025-05-05,Completed,1327.98
1147,153,2024-06-19,Completed,118.28
1148,293,2024-06-17,Completed,992.08
1149,28,2024-03-14,Completed,866.66
1150,151,2024-12-29,Pending,0.0
1151,321,2024-06-15,Completed,415.36
1152,14,2023-11-30,Completed,1283.62
1153,42,2024-03-11,Completed,248.71
1154,402,2024-03-09,Completed,988.41
1155,339,2025-04-02,Completed,1290.9
1156,199,2024-01-12,Completed,1773.28
1157,190,2025-01-31,Completed,108.34
1158,226,2024-07-28,Completed,467.96
1159,138,2024-10-09,Completed,319.24
1160,357,2024-11-09,Completed,189.7
1161,177,2024-11-29,Pending,0.0
1162,212,2025-03-20,Cancelled,0.0
1163,302,2024-03-21,Completed,140.75
1164,199,2025-08-26,Pending,0.0
1165,215,2024-01-01,Cancelled,0.0
1166,352,2025-07-08,Returned,0.0
1167,244,2025-05-22,Completed,486.57
1168,154,2024-09-13,Completed,1807.5
1169,366,2024-12-13,Completed,1151.02
1170,265,2023-11-17,Pending,0.0
1171,347,2024-06-30,Cancelled,0.0
1172,76,2024-05-20,Completed,1519.23
1173,89,2024-04-01,Returned,0.0
1174,86,2025-04-30,Cancelled,0.0
1175,414,2025-08-09,Completed,104.5
1176,41,2025-02-18,Cancelled,0.0
1177,223,2025-01-11,Completed,1648.68
1178,76,2025-08-25,Pending,0.0
1179,133,2025-04-24,Completed,1459.66
1180,414,2025-07-22,Completed,788.44
1181,204,2024-06-09,Completed,1716.12
1182,267,2024-06-02,Completed,1749.46
1183,403,2025-08-09,Pending,0.0
1184,301,2024-08-25,Completed,850.8
1185,213,2024-03-09,Completed,1141.86
1186,299,2025-04-11,Pending,0.0
1187,482,2023-09-21,Completed,229.16
1188,400,2024-02-16,Completed,586.46
1189,275,2024-04-05,Returned,0.0
1190,450,2024-02-04,Completed,778.43
1191,249,2024-04-29,Completed,956.63
1192,89,2024-10-28,Completed,304.83
1193,312,2024-06-17,Completed,815.41
1194,203,2024-07-25,Returned,0.0
1195,170,2025-08-12,Completed,117.6
1196,244,2024-01-27,Returned,0.0
1197,460,2024-06-01,Completed,688.97
1198,407,2024-11-28,Completed,575.09
1199,252,2025-01-21,Returned,0.0
1200,351,2024-11-14,Completed,1740.42
1201,69,2025-02-24,Completed,1492.57
1202,397,2024-10-22,Pending,0.0
1203,138,2024-06-13,Pending,0.0
1204,310,2024-05-28,Completed,392.11
1205,109,2025-06-02,Returned,0.0
1206,209,2025-08-21,Pending,0.0
1207,389,2025-03-20,Completed,760.34
1208,29,2024-01-07,Completed,334.77
1209,160,2025-01-24,Pending,0.0
1210,207,2025-07-02,Completed,1705.56
1211,451,2024-02-06,Completed,364.0
1212,449,2025-09-09,Pending,0.0
1213,429,2024-01-04,Completed,85.48
1214,26,2023-11-01,Returned,0.0
1215,361,2023-12-17,Completed,749.34
1216,238,2024-06-13,Completed,1278.11
1217,64,2024-10-25,Completed,499.04
1218,251,2025-09-16,Completed,371.62
1219,446,2025-03-14,Completed,1111.64
1220,177,2024-10-09,Completed,1791.09
1221,384,2025-03-04,Pending,0.0
1222,47,2024-09-25,Completed,785.4
1223,84,2024-05-16,Returned,0.0
1224,400,2024-04-15,Cancelled,0.0
1225,439,2025-04-07,Completed,465.72
1226,106,2025-06-24,Completed,830.82
1227,11,2025-04-07,Returned,0.0
1228,496,2024-01-25,Pending,0.0
1229,5,2024-01-25,Completed,281.98
1230,89,2025-05-02,Completed,36.76
1231,130,2024-09-16,Completed,1887.15
1232,365,2025-07-24,Cancelled,0.0
1233,330,2025-09-11,Completed,1793.06
1234,437,2023-11-26,Completed,518.96
1235,239,2025-04-22,Completed,1050.86
1236,320,2023-09-28,Completed,222.58
1237,262,2024-01-21,Cancelled,0.0
1238,495,2024-01-27,Pending,0.0
1239,192,2024-02-08,Completed,1195.67
1240,145,2023-10-30,Completed,234.05
1241,33,2024-04-30,Completed,567.44
1242,167,2025-02-17,Returned,0.0
1243,134,2025-07-17,Completed,1905.33
1244,334,2024-04-20,Completed,316.86
1245,392,2025-03-10,Completed,132.41
1246,439,2024-10-24,Pending,0.0
1247,308,2024-06-01,Completed,652.78
1248,72,2024-10-29,Pending,0.0
1249,336,2024-03-28,Completed,605.3
1250,465,2025-05-06,Completed,788.78
1251,19,2024-11-23,Completed,1989.61
1252,418,2024-05-10,Completed,1458.57
1253,114,2024-10-13,Completed,1283.86
1254,244,2025-01-28,Returned,0.0
1255,344,2024-02-29,Completed,614.39
1256,88,2024-10-18,Pending,0.0
1257,449,2024-12-11,Completed,601.69
1258,242,2023-12-15,Completed,532.13
1259,414,2024-01-07,Completed,1827.0
1260,485,2024-04-16,Completed,684.55
1261,46,2024-02-21,Completed,462.19
1262,447,2024-06-09,Completed,1580.42
1263,170,2025-05-06,Completed,1179.43
1264,238,2025-05-13,Returned,0.0
1265,241,2023-10-08,Completed,1276.11
1266,298,2024-02-25,Returned,0.0
1267,37,2025-07-17,Completed,405.2
1268,62,2025-04-11,Returned,0.0
1269,196,2024-08-13,Completed,837.95
1270,446,2025-09-17,Returned,0.0
1271,71,2025-02-10,Cancelled,0.0
1272,176,2023-11-28,Completed,1147.42
1273,465,2024-04-12,Cancelled,0.0
1274,74,2024-12-17,Completed,1437.02
1275,399,2023-10-22,Completed,678.61
1276,91,2024-01-22,Completed,134.87
1277,232,2025-05-07,Completed,1527.16
1278,87,2024-06-11,Completed,333.7
1279,403,2024-09-17,Pending,0.0
1280,46,2025-09-16,Completed,878.75
1281,220,2025-05-09,Completed,1931.35
1282,197,2024-05-08,Completed,1076.89
1283,375,2024-09-29,Completed,47.87
1284,165,2024-03-23,Pending,0.0
1285,272,2025-05-19,Completed,1359.96
1286,321,2024-10-23,Pending,0.0
1287,116,2025-05-04,Completed,701.81
1288,67,2024-03-02,Completed,1016.61
1289,157,2024-05-31,Completed,1651.21
1290,153,2024-09-05,Returned,0.0
1291,234,2024-04-17,Pending,0.0
1292,306,2024-02-01,Completed,878.66
1293,352,2024-09-25,Cancelled,0.0
1294,176,2024-03-10,Cancelled,0.0
1295,251,2025-05-05,Completed,393.08
1296,486,2023-09-23,Returned,0.0
1297,416,2024-07-19,Completed,472.27
1298,373,2024-10-15,Cancelled,0.0
1299,109,2025-01-25,Pending,0.0
1300,302,2023-11-26,Completed,263.86
1301,365,2024-12-02,Completed,93.98
1302,449,2025-04-07,Completed,1547.07
1303,320,2023-10-19,Completed,1989.47
1304,339,2024-08-15,Completed,1675.52
1305,25,2024-03-08,Completed,845.22
1306,195,2024-04-14,Completed,520.42
1307,360,2024-12-09,Completed,1396.48
1308,323,2024-05-18,Completed,853.33
1309,52,2025-07-07,Completed,554.55
1310,311,2025-04-22,Pending,0.0
1311,215,2025-03-30,Pending,0.0
1312,54,2023-12-26,Completed,1243.04
1313,145,2025-06-07,Completed,230.4
1314,102,2025-01-14,Completed,1560.36
1315,426,2025-04-26,Completed,419.31
1316,361,2024-11-27,Completed,337.54
1317,281,2024-07-07,Completed,431.23
1318,478,2024-05-25,Completed,484.32
1319,7,2024-05-29,Completed,1815.62
1320,428,2023-10-05,Completed,998.33
1321,487,2024-11-19,Completed,1033.18
1322,371,2024-10-04,Pending,0.0
1323,464,2025-03-28,Completed,477.7
1324,152,2025-09-17,Completed,119.16
1325,417,2023-10-05,Completed,98.1
1326,149,2024-06-05,Completed,1360.0
1327,219,2025-01-12,Pending,0.0
1328,49,2025-02-05,Returned,0.0
1329,456,2024-07-27,Completed,1706.96
1330,340,2024-01-30,Completed,670.75
1331,458,2024-08-26,Completed,1251.18
1332,450,2025-03-10,Pending,0.0
1333,191,2025-08-28,Pending,0.0
1334,94,2024-02-12,Completed,812.5
1335,234,2024-01-01,Completed,783.72
1336,436,2024-02-11,Completed,855.04
1337,454,2024-07-13,Pending,0.0
1338,58,2024-11-08,Completed,1458.29
1339,483,2025-08-31,Pending,0.0
1340,54,2024-02-13,Completed,1189.69
1341,411,2024-01-09,Completed,887.56
1342,313,2025-05-22,Completed,730.03
1343,15,2024-08-30,Returned,0.0
1344,451,2025-03-22,Pending,0.0
1345,499,2025-08-02,Returned,0.0
1346,248,2024-07-12,Returned,0.0
1347,58,2025-08-04,Returned,0.0
1348,226,2024-10-24,Completed,537.99
1349,161,2024-12-29,Completed,1739.3
1350,269,2024-06-30,Pending,0.0
1351,296,2023-10-04,Pending,0.0
1352,115,2025-05-02,Cancelled,0.0
1353,343,2024-04-18,Returned,0.0
1354,266,2025-01-13,Completed,1407.15
1355,49,2024-09-21,Completed,1458.77
1356,247,2024-02-20,Completed,1359.07
1357,198,2024-11-28,Completed,1656.35
1358,457,2025-04-18,Cancelled,0.0
1359,28,2025-06-25,Completed,1870.06
1360,259,2025-04-15,Pending,0.0
1361,437,2024-04-30,Completed,347.5
1362,385,2024-03-15,Completed,496.97
1363,497,2025-02-08,Completed,1023.72
1364,282,2024-02-01,Completed,818.49
1365,121,2025-07-20,Completed,899.49
1366,294,2025-05-10,Completed,1716.05
1367,229,2024-04-12,Completed,1961.73
1368,382,2024-02-08,Completed,223.23
1369,212,2024-03-19,Completed,1107.22
1370,423,2024-02-20,Completed,1216.32
1371,317,2025-07-04,Completed,1782.42
1372,288,2024-03-14,Completed,1349.52
1373,487,2024-06-02,Completed,1654.12
1374,419,2025-01-23,Completed,919.83
1375,287,2024-08-10,Pending,0.0
1376,308,2025-02-28,Completed,1321.19
1377,367,2025-07-14,Completed,212.93
1378,338,2024-12-29,Completed,695.89
1379,425,2024-09-07,Completed,1603.83
1380,281,2023-10-16,Completed,1410.15
1381,24,2024-09-19,Returned,0.0
1382,253,2023-11-18,Completed,1439.38
1383,370,2024-05-05,Completed,523.49
1384,101,2025-08-16,Completed,1861.83
1385,202,2024-08-18,Completed,1652.62
1386,98,2025-02-02,Pending,0.0
1387,56,2025-02-07,Pending,0.0
1388,24,2025-09-17,Returned,0.0
1389,429,2024-01-11,Completed,263.97
1390,457,2024-07-29,Completed,1323.74
1391,490,2024-09-14,Completed,1928.43
1392,3,2024-09-19,Completed,116.17
1393,479,2024-05-20,Completed,1178.54
1394,474,2024-01-31,Completed,1843.9
1395,91,2024-01-27,Completed,363.83
1396,418,2025-04-24,Completed,787.06
1397,308,2023-10-19,Completed,657.25
1398,452,2024-12-05,Completed,1959.41
1399,469,2024-08-04,Completed,511.51
1400,204,2023-10-19,Cancelled,0.0
1401,497,2024-03-25,Completed,1613.5
1402,71,2024-04-11,Completed,1406.03
1403,384,2025-09-09,Completed,1689.29
1404,281,2024-10-02,Returned,0.0
1405,365,2024-11-13,Pending,0.0
1406,284,2024-06-25,Completed,417.76
1407,320,2025-05-29,Pending,0.0
1408,352,2024-10-27,Completed,1351.3
1409,364,2025-04-24,Completed,1917.49
1410,258,2024-01-11,Completed,1281.02
1411,364,2024-07-02,Completed,717.43
1412,246,2023-11-20,Completed,1886.49
1413,364,2024-09-05,Completed,1500.78
1414,431,2024-09-04,Completed,1757.4
1415,217,2024-11-20,Pending,0.0
1416,268,2024-08-22,Completed,774.12
1417,28,2024-09-28,Completed,415.81
1418,385,2024-10-26,Pending,0.0
1419,147,2023-12-09,Completed,309.93
1420,32,2025-06-21,Completed,604.38
1421,386,2024-07-13,Completed,730.19
1422,232,2025-07-08,Completed,1738.71
1423,379,2024-11-28,Completed,464.13
1424,332,2023-12-15,Completed,490.44
1425,402,2024-09-12,Pending,0.0
1426,357,2025-09-06,Completed,1335.7
1427,475,2024-08-23,Completed,844.8
1428,404,2023-10-23,Cancelled,0.0
1429,161,2024-10-16,Cancelled,0.0
1430,28,2024-09-01,Completed,517.66
1431,318,2025-09-08,Returned,0.0
1432,441,2025-05-25,Returned,0.0
1433,425,2024-12-12,Completed,1274.9
1434,364,2024-12-12,Completed,1515.11
1435,280,2025-08-06,Pending,0.0
1436,101,2024-10-22,Pending,0.0
1437,494,2025-02-02,Completed,908.65
1438,350,2024-02-14,Completed,1925.7
1439,377,2024-09-06,Completed,766.85
1440,220,2024-07-30,Completed,543.19
1441,83,2024-02-16,Completed,524.93
1442,170,2024-05-18,Completed,1876.24
1443,21,2025-09-17,Completed,658.81
1444,27,2025-07-11,Pending,0.0
1445,321,2024-08-23,Completed,1330.54
1446,252,2025-04-13,Pending,0.0
1447,282,2024-07-07,Completed,1572.38
1448,163,2024-09-08,Completed,1914.84
1449,267,2024-05-16,Completed,1020.18
1450,213,2024-04-25,Completed,818.77
1451,179,2025-04-26,Completed,442.44
1452,170,2024-03-11,Completed,601.28
1453,487,2024-07-20,Pending,0.0
1454,272,2024-06-11,Completed,1131.44
1455,386,2024-05-17,Cancelled,0.0
1456,5,2024-09-07,Completed,705.09
1457,124,2023-11-11,Returned,0.0
1458,315,2024-02-11,Returned,0.0
1459,125,2024-01-18,Cancelled,0.0
1460,350,2023-12-22,Returned,0.0
1461,196,2024-05-02,Returned,0.0
1462,484,2024-09-15,Completed,528.05
1463,371,2024-10-20,Completed,1824.45
1464,421,2024-03-09,Pending,0.0
1465,264,2024-02-01,Pending,0.0
1466,229,2025-07-18,Completed,606.94
1467,334,2024-02-01,Completed,1037.51
1468,486,2025-08-09,Completed,1943.82
1469,396,2024-02-27,Completed,34.51
1470,34,2023-11-20,Completed,1266.44
1471,110,2024-10-17,Returned,0.0
1472,218,2025-03-01,Pending,0.0
1473,106,2025-03-09,Completed,1411.43
1474,500,2024-05-15,Pending,0.0
1475,223,2023-12-26,Completed,1880.71
1476,383,2024-06-22,Completed,67.03
1477,368,2024-03-17,Completed,193.29
1478,28,2025-04-18,Completed,518.78
1479,37,2024-10-16,Completed,470.74
1480,133,2025-01-13,Completed,913.23
1481,208,2024-04-10,Completed,53.44
1482,345,2024-06-08,Completed,31.68
1483,369,2023-12-07,Completed,1516.8
1484,300,2025-05-29,Completed,1699.54
1485,184,2024-11-02,Returned,0.0
1486,55,2024-02-26,Completed,1378.04
1487,311,2025-01-28,Completed,1535.24
1488,225,2024-01-11,Completed,1647.8
1489,16,2024-07-28,Completed,1076.27
1490,70,2024-03-06,Pending,0.0
1491,408,2024-03-14,Pending,0.0
1492,280,2025-03-03,Completed,1275.41
1493,153,2024-08-18,Completed,1830.05
1494,408,2025-08-06,Returned,0.0
1495,332,2025-06-29,Completed,1899.94
1496,284,2023-12-15,Returned,0.0
1497,73,2024-03-18,Completed,29.96
1498,306,2024-10-26,Completed,1104.1
1499,44,2025-06-10,Completed,1501.63
1500,463,2025-06-05,Pending,0.0
1501,109,2024-06-12,Completed,1298.94
1502,263,2024-08-26,Completed,384.31
1503,316,2024-04-13,Pending,0.0
1504,100,2025-06-26,Completed,1348.54
1505,291,2025-06-23,Returned,0.0
1506,436,2024-05-03,Pending,0.0
1507,282,2025-05-16,Completed,1108.34
1508,149,2024-12-13,Completed,516.36
1509,102,2025-04-21,Pending,0.0
1510,250,2024-03-03,Cancelled,0.0
1511,183,2024-04-10,Completed,1317.84
1512,52,2024-12-20,Completed,158.22
1513,100,2024-09-12,Completed,912.28
1514,316,2025-07-27,Completed,1393.05
1515,79,2024-03-17,Completed,741.7
1516,162,2025-07-31,Cancelled,0.0
1517,87,2024-04-04,Completed,507.43
1518,114,2025-01-06,Pending,0.0
1519,329,2023-11-16,Completed,1683.42
1520,69,2024-02-02,Completed,676.49
1521,246,2024-10-27,Completed,730.31
1522,157,2024-11-28,Completed,235.49
1523,331,2024-06-12,Completed,1686.75
1524,440,2024-05-08,Pending,0.0
1525,457,2024-12-27,Completed,541.2
1526,454,2024-02-29,Completed,1460.3
1527,457,2024-10-21,Completed,1024.21
1528,16,2023-09-22,Pending,0.0
1529,297,2024-10-15,Completed,1188.27
1530,465,2025-05-05,Completed,536.02
1531,458,2024-03-14,Cancelled,0.0
1532,242,2025-05-26,Completed,314.29
1533,201,2024-04-05,Completed,1548.85
1534,376,2023-12-13,Returned,0.0
1535,69,2024-08-18,Completed,1030.62
1536,204,2025-08-01,Completed,40.97
1537,123,2025-07-02,Pending,0.0
1538,413,2024-03-15,Cancelled,0.0
1539,351,2025-02-12,Completed,1037.99
1540,229,2024-12-01,Completed,1141.39
1541,290,2024-04-23,Completed,1936.12
1542,377,2024-01-29,Pending,0.0
1543,481,2024-04-22,Completed,453.26
1544,250,2025-04-17,Completed,543.43
1545,120,2024-05-27,Completed,429.41
1546,465,2024-01-29,Pending,0.0
1547,199,2023-11-26,Completed,920.19
1548,24,2024-03-19,Completed,1304.08
1549,53,2024-11-21,Pending,0.0
1550,267,2023-10-03,Completed,561.52
1551,380,2024-08-02,Completed,1097.81
1552,90,2024-08-29,Completed,769.47
1553,301,2025-05-20,Completed,1674.23
1554,265,2024-09-12,Completed,1945.89
1555,115,2024-04-18,Completed,718.74
1556,445,2024-04-24,Completed,1589.46
1557,455,2025-05-19,Completed,1013.64
1558,72,2024-06-23,Completed,475.38
1559,264,2024-10-03,Completed,438.8
1560,96,2024-06-08,Completed,1212.0
1561,419,2024-02-04,Completed,476.09
1562,416,2024-11-30,Completed,244.41
1563,346,2023-12-21,Completed,437.19
1564,83,2024-05-04,Completed,833.58
1565,125,2024-01-14,Completed,1155.5
1566,83,2023-12-18,Completed,1035.03
1567,457,2024-02-04,Completed,130.71
1568,133,2025-05-10,Returned,0.0
1569,265,2025-03-10,Cancelled,0.0
1570,307,2024-12-10,Cancelled,0.0
1571,327,2024-02-10,Completed,1444.7
1572,339,2024-07-03,Pending,0.0
1573,485,2024-01-15,Completed,909.42
1574,242,2025-04-29,Returned,0.0
1575,88,2024-10-21,Completed,833.32
1576,74,2025-07-22,Pending,0.0
1577,421,2023-11-18,Pending,0.0
1578,320,2024-06-10,Completed,543.75
1579,371,2023-11-10,Completed,1846.26
1580,306,2025-04-06,Completed,475.03
1581,198,2024-05-27,Completed,52.79
1582,268,2025-01-01,Returned,0.0
1583,259,2024-07-23,Completed,1656.5
1584,311,2024-09-25,Completed,962.22
1585,315,2024-10-10,Completed,1757.95
1586,273,2024-10-29,Completed,252.68
1587,247,2025-07-22,Completed,1805.93
1588,277,2023-10-30,Pending,0.0
1589,460,2024-04-04,Returned,0.0
1590,348,2024-06-22,Completed,1053.65
1591,190,2024-04-18,Returned,0.0
1592,358,2024-09-19,Completed,474.38
1593,411,2025-02-06,Completed,1541.97
1594,180,2024-03-29,Completed,1487.96
1595,390,2024-02-02,Pending,0.0
1596,295,2025-01-26,Completed,285.09
1597,245,2025-05-26,Pending,0.0
1598,466,2025-04-06,Returned,0.0
1599,146,2025-04-03,Completed,1096.59
1600,132,2025-04-12,Completed,1424.11
1601,405,2025-08-11,Completed,1054.63
1602,267,2024-03-02,Completed,1316.0
1603,353,2024-06-28,Pending,0.0
1604,210,2024-10-14,Completed,326.46
1605,334,2025-07-28,Completed,537.38
1606,275,2025-06-14,Completed,743.98
1607,142,2024-10-19,Cancelled,0.0
1608,204,2024-05-06,Pending,0.0
1609,212,2024-11-27,Completed,1123.97
1610,92,2024-12-11,Completed,1118.72
1611,130,2025-01-03,Cancelled,0.0
1612,296,2024-03-14,Completed,1416.88
1613,377,2025-02-14,Completed,1730.38
1614,61,2024-09-23,Pending,0.0
1615,229,2025-06-06,Pending,0.0
1616,487,2024-05-05,Completed,444.63
1617,206,2025-04-06,Pending,0.0
1618,411,2024-08-03,Completed,1400.17
1619,362,2025-03-04,Completed,790.43
1620,326,2023-12-09,Completed,200.36
1621,75,2024-09-20,Completed,1208.49
1622,46,2024-05-10,Completed,459.11
1623,41,2024-06-03,Completed,1454.5
1624,477,2025-04-21,Cancelled,0.0
1625,315,2024-12-03,Completed,587.21
1626,494,2023-12-21,Completed,1892.52
1627,420,2024-04-13,Completed,998.85
1628,6,2024-03-02,Completed,1320.63
1629,412,2024-07-01,Completed,405.6
1630,402,2023-10-31,Completed,1041.31
1631,119,2024-10-16,Completed,1354.57
1632,185,2024-07-02,Completed,20.57
1633,81,2024-03-21,Completed,566.36
1634,205,2023-09-29,Completed,802.38
1635,301,2025-07-06,Completed,50.43
1636,361,2024-05-25,Completed,198.53
1637,146,2023-11-08,Pending,0.0
1638,287,2025-08-07,Returned,0.0
1639,179,2025-06-12,Completed,1634.72
1640,116,2023-10-11,Completed,405.16
1641,477,2025-05-20,Completed,29.21
1642,90,2024-10-29,Completed,230.8
1643,38,2024-03-31,Completed,693.13
1644,60,2024-09-08,Pending,0.0
1645,490,2023-10-25,Completed,1085.05
1646,407,2024-09-11,Completed,1394.5
1647,495,2024-12-06,Completed,977.59
1648,125,2025-07-28,Pending,0.0
1649,493,2023-12-16,Pending,0.0
1650,349,2024-07-15,Completed,1181.92
1651,15,2023-12-23,Completed,530.48
1652,196,2024-03-11,Completed,1988.51
1653,347,2025-03-05,Pending,0.0
1654,410,2025-06-26,Completed,1911.78
1655,265,2025-03-04,Completed,1407.62
1656,135,2024-10-13,Completed,204.16
1657,345,2024-05-17,Pending,0.0
1658,176,2024-10-13,Completed,1864.16
1659,244,2025-04-14,Completed,452.76
1660,294,2024-09-10,Completed,1895.29
1661,350,2025-08-25,Returned,0.0
1662,98,2025-07-22,Completed,415.34
1663,377,2025-03-10,Completed,545.5
1664,118,2024-01-24,Completed,514.4
1665,317,2025-01-21,Completed,1562.3
1666,62,2024-06-12,Returned,0.0
1667,347,2025-09-09,Cancelled,0.0
1668,253,2024-10-04,Completed,1533.2
1669,278,2024-08-08,Cancelled,0.0
1670,435,2025-03-18,Completed,1248.92
1671,253,2024-10-06,Returned,0.0
1672,452,2024-05-31,Returned,0.0
1673,445,2025-04-14,Completed,382.09
1674,392,2023-11-27,Returned,0.0
1675,144,2024-02-15,Completed,1505.34
1676,66,2024-03-08,Completed,1602.55
1677,245,2025-08-27,Returned,0.0
1678,17,2024-06-09,Completed,799.56
1679,352,2025-06-04,Pending,0.0
1680,235,2025-03-07,Cancelled,0.0
1681,358,2024-11-10,Completed,644.99
1682,5,2023-10-19,Completed,437.29
1683,298,2025-07-05,Completed,735.97
1684,442,2024-05-14,Completed,1106.16
1685,122,2023-11-09,Completed,1917.88
1686,176,2025-08-13,Completed,1007.56
1687,108,2025-03-10,Completed,1509.35
1688,187,2024-08-04,Returned,0.0
1689,144,2025-06-06,Completed,1151.39
1690,295,2023-12-24,Completed,1632.1
1691,370,2023-10-20,Completed,486.89
1692,222,2025-07-24,Returned,0.0
1693,101,2024-11-11,Completed,1919.11
1694,77,2025-07-30,Completed,39.29
1695,216,2023-12-21,Completed,1991.21
1696,435,2025-01-19,Completed,1077.29
1697,162,2024-03-15,Pending,0.0
1698,154,2024-01-08,Completed,1719.83
1699,25,2024-01-26,Completed,1387.28
1700,31,2025-01-03,Completed,523.49
1701,430,2024-11-26,Completed,910.71
1702,172,2025-08-08,Completed,733.41
1703,286,2025-08-01,Returned,0.0
1704,132,2023-12-29,Completed,835.29
1705,180,2024-09-15,Returned,0.0
1706,494,2024-02-11,Completed,1162.17
1707,333,2025-02-06,Completed,365.59
1708,400,2024-09-29,Completed,663.68
1709,262,2024-01-01,Completed,1478.32
1710,456,2024-07-10,Completed,1235.05
1711,238,2025-04-13,Completed,306.8
1712,86,2025-04-08,Completed,1858.56
1713,216,2024-04-09,Completed,1151.84
1714,435,2023-10-28,Returned,0.0
1715,41,2025-03-08,Completed,471.87
1716,163,2024-01-07,Completed,1426.66
1717,310,2025-02-04,Completed,557.07
1718,228,2025-03-09,Pending,0.0
1719,481,2025-03-02,Completed,1182.1
1720,495,2025-04-14,Completed,351.29
1721,438,2025-03-05,Completed,1460.99
1722,339,2025-07-13,Completed,1492.87
1723,384,2025-06-16,Completed,350.48
1724,53,2025-05-28,Completed,1874.85
1725,243,2025-07-27,Completed,72.2
1726,204,2023-12-12,Completed,1992.11
1727,54,2024-03-11,Completed,327.44
1728,336,2024-05-01,Returned,0.0
1729,200,2024-07-02,Completed,509.85
1730,146,2025-01-17,Completed,270.3
1731,270,2023-10-13,Pending,0.0
1732,15,2024-11-27,Completed,726.55
1733,469,2024-06-14,Completed,962.79
1734,500,2024-08-24,Returned,0.0
1735,479,2024-01-05,Completed,900.79
1736,497,2024-12-02,Returned,0.0
1737,277,2025-08-12,Completed,1203.22
1738,324,2025-01-19,Pending,0.0
1739,450,2025-07-05,Completed,1056.45
1740,328,2025-05-26,Completed,1819.67
1741,247,2024-01-29,Completed,1613.32
1742,227,2024-07-04,Completed,836.16
1743,80,2025-07-02,Completed,20.18
1744,418,2024-03-29,Pending,0.0
1745,70,2024-05-06,Completed,949.01
1746,5,2024-02-13,Completed,994.02
1747,387,2023-11-18,Completed,38.08
1748,221,2024-04-22,Pending,0.0
1749,306,2023-09-30,Completed,34.29
1750,192,2024-03-10,Completed,1766.68
1751,224,2025-04-25,Completed,343.27
1752,378,2025-01-22,Completed,1660.29
1753,113,2025-01-15,Completed,856.03
1754,123,2025-03-04,Completed,1603.92
1755,314,2024-02-29,Pending,0.0
1756,351,2025-05-05,Completed,1303.94
1757,273,2024-05-25,Pending,0.0
1758,212,2024-08-16,Completed,155.56
1759,70,2023-11-22,Completed,1281.05
1760,317,2025-02-16,Completed,1406.94
1761,252,2025-09-16,Completed,58.4
1762,26,2024-04-02,Cancelled,0.0
1763,12,2024-05-02,Completed,222.5
1764,138,2025-04-23,Completed,888.06
1765,5,2024-12-11,Completed,318.35
1766,253,2025-02-02,Completed,852.08
1767,403,2023-11-17,Pending,0.0
1768,191,2025-06-09,Completed,1587.02
1769,170,2024-04-29,Completed,1506.13
1770,75,2024-05-05,Completed,1555.79
1771,37,2025-05-23,Completed,379.58
1772,459,2023-10-24,Pending,0.0
1773,419,2024-08-19,Completed,44.98
1774,499,2025-01-20,Pending,0.0
1775,128,2025-05-23,Completed,1950.44
1776,127,2023-10-06,Pending,0.0
1777,18,2024-02-14,Completed,1475.94
1778,49,2024-11-03,Completed,1964.59
1779,243,2025-01-30,Completed,1923.2
1780,480,2024-10-11,Completed,1265.75
1781,22,2024-12-25,Pending,0.0
1782,282,2024-06-24,Completed,521.56
1783,327,2025-05-06,Completed,733.64
1784,27,2025-04-22,Returned,0.0
1785,112,2024-11-24,Cancelled,0.0
1786,121,2025-04-11,Completed,662.54
1787,86,2024-07-18,Pending,0.0
1788,300,2024-07-23,Completed,1582.5
1789,5,2025-07-06,Cancelled,0.0
1790,298,2024-06-24,Pending,0.0
1791,244,2024-07-13,Completed,326.88
1792,395,2024-02-20,Completed,332.24
1793,47,2024-05-06,Completed,690.08
1794,497,2025-05-27,Cancelled,0.0
1795,321,2025-03-27,Completed,723.92
1796,79,2025-03-19,Pending,0.0
1797,406,2024-06-17,Completed,985.93
1798,163,2024-09-15,Cancelled,0.0
1799,404,2025-01-16,Completed,707.69
1800,457,2024-09-19,Completed,402.07
1801,353,2023-10-07,Completed,1454.31
1802,129,2023-10-22,Returned,0.0
1803,249,2024-09-25,Pending,0.0
1804,287,2023-11-26,Completed,1400.13
1805,98,2025-09-05,Completed,1096.37
1806,166,2024-08-26,Pending,0.0
1807,141,2025-04-10,Returned,0.0
1808,307,2025-04-12,Returned,0.0
1809,284,2024-09-27,Completed,1071.65
1810,231,2024-05-01,Completed,541.43
1811,188,2024-07-27,Completed,1556.32
1812,260,2024-10-08,Completed,387.36
1813,10,2025-06-30,Completed,740.87
1814,318,2024-06-24,Completed,1447.59
1815,338,2023-12-03,Cancelled,0.0
1816,420,2024-03-22,Completed,1057.66
1817,255,2025-01-28,Pending,0.0
1818,79,2025-04-02,Completed,658.75
1819,329,2024-03-02,Completed,210.59
1820,338,2025-03-16,Completed,1673.68
1821,67,2024-07-27,Completed,81.92
1822,55,2023-09-29,Completed,215.53
1823,293,2025-04-15,Completed,789.43
1824,251,2024-10-02,Completed,1408.6
1825,132,2024-08-03,Completed,457.03
1826,368,2024-01-23,Completed,1861.82
1827,107,2024-01-04,Completed,1858.24
1828,427,2024-04-19,Completed,1606.02
1829,32,2023-11-06,Completed,1492.09
1830,456,2024-05-15,Completed,750.76
1831,363,2025-03-23,Completed,1241.53
1832,271,2025-03-31,Completed,159.37
1833,156,2023-10-12,Completed,447.48
1834,266,2024-10-18,Completed,1455.84
1835,273,2025-06-07,Completed,402.38
1836,337,2023-12-13,Completed,1258.14
1837,92,2024-06-30,Completed,1125.12
1838,383,2024-06-20,Completed,1284.48
1839,184,2024-05-09,Completed,1411.05
1840,219,2024-04-12,Returned,0.0
1841,86,2025-06-02,Pending,0.0
1842,282,2025-08-11,Completed,688.28
1843,81,2024-02-02,Completed,1207.83
1844,478,2024-08-28,Completed,644.01
1845,167,2024-11-14,Pending,0.0
1846,212,2025-01-31,Pending,0.0
1847,221,2024-07-16,Pending,0.0
1848,166,2024-01-21,Completed,1135.03
1849,110,2025-01-08,Completed,1109.47
1850,382,2025-09-11,Completed,1924.07
1851,230,2024-03-31,Cancelled,0.0
1852,1,2025-05-24,Pending,0.0
1853,146,2024-03-13,Completed,1044.87
1854,456,2025-03-29,Completed,614.66
1855,114,2024-07-11,Completed,643.51
1856,396,2025-02-12,Pending,0.0
1857,354,2025-07-14,Pending,0.0
1858,471,2024-02-11,Completed,1121.52
1859,475,2024-11-16,Completed,206.69
1860,236,2025-07-02,Completed,294.05
1861,188,2024-10-18,Returned,0.0
1862,128,2024-01-23,Completed,1625.93
1863,48,2024-01-29,Completed,1146.75
1864,112,2025-04-17,Pending,0.0
1865,371,2025-04-08,Completed,975.42
1866,250,2024-09-21,Pending,0.0
1867,354,2025-03-05,Pending,0.0
1868,420,2025-01-20,Returned,0.0
1869,305,2023-12-03,Completed,94.0
1870,414,2025-04-25,Completed,175.39
1871,29,2024-10-18,Returned,0.0
1872,172,2024-07-04,Completed,1637.94
1873,214,2024-09-09,Returned,0.0
1874,62,2025-04-09,Returned,0.0
1875,117,2024-01-01,Pending,0.0
1876,435,2024-04-02,Completed,42.64
1877,399,2023-09-28,Completed,127.17
1878,269,2024-03-09,Completed,1089.06
1879,77,2024-08-15,Completed,1401.58
1880,79,2024-06-26,Completed,1468.53
1881,202,2024-11-19,Cancelled,0.0
1882,386,2025-08-03,Completed,1019.36
1883,114,2025-05-13,Completed,1577.01
1884,76,2024-05-25,Completed,183.44
1885,293,2024-12-08,Pending,0.0
1886,281,2024-08-13,Completed,188.46
1887,257,2024-10-25,Completed,1401.78
1888,391,2024-05-12,Completed,1127.41
1889,250,2024-04-22,Completed,1151.23
1890,288,2025-09-05,Completed,1476.62
1891,127,2024-08-09,Completed,547.19
1892,221,2025-03-13,Completed,1849.79
1893,46,2024-08-23,Completed,838.89
1894,188,2025-04-12,Completed,655.06
1895,305,2024-07-21,Completed,1543.97
1896,87,2023-12-22,Cancelled,0.0
1897,316,2025-05-24,Pending,0.0
1898,412,2024-02-15,Completed,308.72
1899,23,2023-11-03,Returned,0.0
1900,120,2023-12-08,Completed,760.17
1901,388,2025-03-07,Pending,0.0
1902,44,2024-05-23,Completed,127.99
1903,486,2024-12-07,Completed,312.4
1904,427,2023-10-18,Pending,0.0
1905,8,2024-01-10,Completed,1612.48
1906,157,2024-03-10,Completed,65.04
1907,108,2024-10-21,Pending,0.0
1908,109,2024-06-08,Completed,1056.07
1909,133,2023-10-31,Completed,1253.62
1910,73,2025-05-05,Completed,1343.16
1911,193,2025-03-04,Completed,1333.79
1912,23,2024-10-12,Completed,139.02
1913,103,2025-07-17,Pending,0.0
1914,317,2025-04-23,Completed,940.62
1915,484,2025-04-27,Completed,789.52
1916,139,2024-12-27,Completed,1827.48
1917,185,2023-10-12,Returned,0.0
1918,10,2025-01-03,Completed,1769.14
1919,198,2025-05-22,Completed,773.79
1920,364,2025-08-08,Completed,644.6
1921,444,2023-10-18,Completed,194.28
1922,102,2025-03-01,Completed,926.81
1923,475,2024-08-02,Pending,0.0
1924,21,2024-06-09,Completed,1068.24
1925,171,2024-09-05,Completed,1493.89
1926,10,2024-07-15,Completed,716.79
1927,321,2024-11-01,Completed,1992.07
1928,257,2023-12-26,Completed,142.78
1929,132,2025-01-12,Returned,0.0
1930,456,2024-03-12,Cancelled,0.0
1931,16,2024-08-01,Returned,0.0
1932,486,2024-03-30,Completed,320.38
1933,460,2024-11-08,Completed,291.78
1934,374,2023-11-27,Completed,1922.0
1935,314,2024-06-02,Returned,0.0
1936,352,2023-10-24,Completed,495.91
1937,79,2024-09-09,Completed,638.52
1938,310,2024-08-23,Completed,1093.62
1939,106,2025-06-10,Completed,1170.44
1940,351,2024-05-26,Pending,0.0
1941,442,2024-06-16,Completed,1383.29
1942,461,2024-05-13,Completed,287.8
1943,466,2024-11-27,Cancelled,0.0
1944,75,2025-01-27,Completed,1138.39
1945,81,2025-04-16,Completed,1123.53
1946,486,2024-12-12,Pending,0.0
1947,95,2024-09-27,Completed,1761.68
1948,373,2023-12-08,Completed,651.0
1949,499,2024-09-20,Completed,834.28
1950,227,2025-03-05,Pending,0.0
1951,421,2024-04-11,Returned,0.0
1952,478,2024-01-28,Pending,0.0
1953,78,2025-03-22,Pending,0.0
1954,55,2023-10-23,Completed,71.87
1955,314,2025-08-10,Completed,1219.1
1956,314,2024-02-16,Completed,479.72
1957,352,2023-12-07,Completed,177.36
1958,400,2023-10-28,Completed,1014.6
1959,310,2025-08-30,Completed,1306.15
1960,95,2025-08-19,Returned,0.0
1961,252,2025-05-07,Completed,344.3
1962,116,2024-11-28,Completed,1533.79
1963,8,2025-09-08,Returned,0.0
1964,487,2024-11-18,Completed,1489.89
1965,104,2024-11-17,Pending,0.0
1966,34,2024-10-26,Completed,1910.3
1967,225,2025-06-03,Returned,0.0
1968,251,2023-10-22,Completed,1736.21
1969,455,2025-06-19,Completed,821.64
1970,22,2024-08-07,Completed,1652.17
1971,369,2024-06-06,Completed,1230.78
1972,381,2024-10-19,Completed,1081.6
1973,329,2025-05-30,Returned,0.0
1974,403,2024-09-02,Completed,236.45
1975,234,2023-12-26,Pending,0.0
1976,22,2023-10-28,Returned,0.0
1977,126,2023-12-05,Completed,803.31
1978,377,2024-05-03,Completed,787.05
1979,392,2024-09-14,Completed,117.6
1980,150,2024-12-22,Completed,1771.11
1981,397,2024-11-17,Pending,0.0
1982,237,2023-11-08,Completed,602.95
1983,471,2025-08-25,Completed,1043.6
1984,73,2025-08-14,Completed,1299.28
1985,47,2025-01-20,Pending,0.0
1986,58,2025-05-11,Completed,1179.19
1987,458,2025-08-06,Completed,287.91
1988,212,2024-12-27,Completed,69.33
1989,233,2023-10-05,Completed,1431.02
1990,104,2023-11-25,Returned,0.0
1991,47,2024-06-13,Completed,1389.6
1992,465,2024-06-17,Pending,0.0
1993,84,2024-09-17,Pending,0.0
1994,64,2025-03-23,Completed,1418.33
1995,325,2025-09-18,Completed,1057.16
1996,197,2024-09-21,Pending,0.0
1997,500,2024-09-04,Completed,1900.51
1998,194,2024-04-15,Completed,106.93
1999,88,2024-06-15,Returned,0.0
2000,290,2025-05-11,Returned,0.0
